baseline,seed,round,split,accuracy,precision,recall,f1,roc_auc,loss,runtime_s
centralized,42,1,val,0.31410999197789463,0.14349546789225073,0.1408874404612685,0.1421794952880906,0.5440069830982173,0.6184511949368069,220.36683780001476
centralized,42,2,val,0.5375701934218736,0.2857142857142857,0.008523439458510905,0.016553067185978577,0.5819735676802299,0.4130587385282849,440.43214890011586
centralized,42,3,val,0.5414029770924325,0.4,0.00125344697919278,0.002499062851430713,0.5976664859312691,0.22996715211259436,644.9363888001535
centralized,42,4,val,0.5397094215170692,0.3968253968253968,0.006267234895963901,0.012339585389930898,0.6066906030151253,0.20381199433630573,836.7721770999487
centralized,42,5,val,0.5378375969337731,0.340080971659919,0.010528954625219354,0.02042553191489362,0.617154757159646,0.20110859108067886,1040.3884646000806
centralized,42,6,val,0.5365897138782423,0.35694050991501414,0.01579343193782903,0.030248469571480016,0.6211362252972522,0.1992520762816482,1280.2367001001257
centralized,42,7,val,0.5353418308227115,0.348643006263048,0.020932564552519427,0.0394939103701076,0.6270014343238287,0.19937189885645332,1558.4860974000767
centralized,42,8,val,0.5356092343346109,0.34754797441364604,0.020431185760842317,0.03859358352077661,0.6318272890743082,0.19587679110100184,1778.8650011999998
centralized,42,9,val,0.535074427310812,0.36186770428015563,0.02331411381298571,0.043805934997644846,0.6314817036555874,0.19456408580937629,2024.784749200102
centralized,42,10,val,0.5305285676085213,0.33250311332503113,0.03346703434444723,0.06081311923471131,0.639805469264325,0.1969946865804247,2246.5767833001446
fedavg,42,1,val,0.01149835101167662,0.05845990389491223,0.30345951366257207,0.09803405478730944,0.5140470097253474,0.6709817800730964,354.56322940000246
fedavg,42,2,val,0.1693555575363223,0.09930247305009511,0.19628979694158938,0.13188479029813036,0.5278248222130741,0.6459899049081929,885.0288389000052
fedavg,42,3,val,0.34031553614404136,0.1450458190148912,0.12697417899222863,0.13540970458494853,0.5411264384597773,0.6165894683440831,1213.6615614000038
fedavg,42,4,val,0.45538818076477405,0.19058744993324434,0.07157182251190775,0.10406415163112813,0.5549428773035863,0.5719704720115203,1578.1673216000054
fedavg,42,5,val,0.5226847312594706,0.23228803716608595,0.025068939583855605,0.04525398800769318,0.570428422653347,0.5009339626263207,1820.8024090000035
fedavg,42,6,val,0.5390854799893039,0.2222222222222222,0.004763098520932565,0.009326297705239907,0.5833889000010949,0.40169859288454757,2072.1941436999987
fedavg,42,7,val,0.5406899010607006,0.1794871794871795,0.0008774128854349461,0.001746289135586878,0.5884848279416052,0.3106110490641393,2314.603672199999
fedavg,42,8,val,0.5414029770924325,0.2222222222222222,0.000250689395838556,0.0005008138224614999,0.5918428426617268,0.2541728346586249,2575.7981443000026
fedavg,42,9,val,0.541492111596399,0.36363636363636365,0.000501378791677112,0.0010013768932281887,0.5964240033242599,0.2259353120499238,2803.5271546000004
fedavg,42,10,val,0.5416703806043319,0.46153846153846156,0.0007520681875156681,0.0015016894005756478,0.5982991861906628,0.2115228629580304,3026.4120604000054
fedprox,42,1,val,0.011230947499777164,0.05844965702499161,0.3054650288292805,0.09812369141568691,0.5139054914162472,0.6711608561637281,237.13077200000407
fedprox,42,2,val,0.16614671539352885,0.09845692509527082,0.19754324392078215,0.13141546800083384,0.5276146693480775,0.6463870825067498,463.44609440000204
fedprox,42,3,val,0.3370175594972814,0.1447442383361439,0.12910503885685634,0.13647807075659202,0.540832879215588,0.6173541383348436,680.8655599000049
fedprox,42,4,val,0.4533380871735449,0.18999345977763243,0.07282526949110053,0.10529177238129758,0.5544809055651145,0.5735230222882323,891.9470281000031
fedprox,42,5,val,0.5211694446920403,0.23186813186813188,0.026447731260967663,0.04747974797479748,0.5700192790112489,0.5039362835686457,1107.9638466000033
fedprox,42,6,val,0.5388180764774044,0.21195652173913043,0.004888443218851842,0.009556481254594462,0.5831021487634965,0.4059478395528595,1320.0268558000025
fedprox,42,7,val,0.5406899010607006,0.16666666666666666,0.0008774128854349461,0.001745635910224439,0.5882534839659126,0.3143653471140059,1664.0472123
fedprox,42,8,val,0.5414029770924325,0.2222222222222222,0.000250689395838556,0.0005008138224614999,0.5916474169704979,0.2565183478255399,1869.3407608000052
fedprox,42,9,val,0.541492111596399,0.36363636363636365,0.000501378791677112,0.0010013768932281887,0.5961673835739818,0.22721387629219317,2063.8135140000013
fedprox,42,10,val,0.5416703806043319,0.46153846153846156,0.0007520681875156681,0.0015016894005756478,0.5980355217643458,0.21218917744450205,2258.7275174000024
fedprox_dp,42,1,val,0.007665567341117747,0.058149311855556045,0.3294058661318626,0.09884901828029789,0.5119789471848117,0.6741174828114702,198.52590249999776
fedprox_dp,42,2,val,0.16480969783403154,0.09965156794425087,0.19716720982702432,0.13239069141101711,0.5272848605127964,0.6469316027553146,399.96557600000233
fedprox_dp,42,3,val,0.30314644799001694,0.14347343769259213,0.14590122837803962,0.14467714871667392,0.5392578925580916,0.6197783410395091,597.1878168999974
fedprox_dp,42,4,val,0.4407701221142704,0.19642342082492067,0.08535973928302833,0.11900393184796854,0.5501898742991386,0.5781090241700891,794.7141733000026
fedprox_dp,42,5,val,0.5158213744540512,0.21403197158081705,0.030208072198546,0.05294376098418278,0.569189728708699,0.5123068797512906,992.7705414000011
fedprox_dp,42,6,val,0.5389072109813708,0.2692307692307692,0.005264477312609677,0.010327022375215149,0.573148445421445,0.4118089068620236,1191.7174085000006
fedprox_dp,42,7,val,0.5402442285408682,0.2153846153846154,0.0017548257708698922,0.003481288076588338,0.5792482982588228,0.32597381178044266,1391.3344018999996
fedprox_dp,42,8,val,0.541135573580533,0.2857142857142857,0.001002757583354224,0.0019985011241568824,0.5876080991334219,0.26170526365086677,1588.5262741999977
fedprox_dp,42,9,val,0.5407790355646671,0.34,0.0021308598646277263,0.004235176880916791,0.5914523043682314,0.23047526317682376,1786.8170161000016
fedprox_dp,42,10,val,0.5404224975488011,0.36363636363636365,0.0035096515417397845,0.006952203600248293,0.5966633231173676,0.21662266258117466,1989.183268300003
centralized,123,1,val,0.38078260094482574,0.17317812151172063,0.13612434194033593,0.1524317495964629,0.5465232978426665,0.610391318303972,188.24387549999665
centralized,123,2,val,0.5408681700686335,0.21951219512195122,0.001128102281273502,0.002244668911335578,0.5717134346910573,0.3861840136341896,376.7177112999998
centralized,123,3,val,0.5418486496122649,0.0,0.0,0.0,0.5975403225952636,0.22450228560224808,564.5039829999951
centralized,123,4,val,0.5418486496122649,0.3333333333333333,0.000125344697919278,0.00025059516351334414,0.6140918571032256,0.20286572215146736,751.6135605999953
centralized,123,5,val,0.5418486496122649,0.3793103448275862,0.0013787916771120581,0.0027475958536280756,0.6259812904501595,0.200488608233197,940.1864920999942
centralized,123,6,val,0.5414029770924325,0.4230769230769231,0.004136375031336174,0.008192651439920555,0.634396623523777,0.19653842353743234,1128.0128803999978
centralized,123,7,val,0.5404224975488011,0.41089108910891087,0.010403609927300075,0.020293398533007333,0.6373023284729528,0.19646473764464736,1365.1121184999938
centralized,123,8,val,0.5374810589179071,0.37857142857142856,0.019929806969165204,0.037866158609192666,0.6447149068817531,0.1973536806128775,1556.062989099999
centralized,123,9,val,0.5357875033425439,0.3720508166969147,0.02569566307345199,0.04807128620002344,0.6451167629354169,0.19592760255581365,1739.8447159999996
centralized,123,10,val,0.5365005793742758,0.3781818181818182,0.026071697167209827,0.04878048780487805,0.6473766979363164,0.19338736355129393,1924.1150424999942
fedavg,123,1,val,0.020144397896425706,0.06933468603161043,0.325520180496365,0.1143196724919664,0.5031784067988673,0.669122136593375,186.81726750000234
fedavg,123,2,val,0.2312149032890632,0.12016309561880396,0.18839308097267485,0.14673435516938396,0.528286386705974,0.6438321114563986,370.2588037999958
fedavg,123,3,val,0.40155094036901684,0.17765787370103917,0.11143143645023816,0.13695886612232322,0.5443019671910804,0.6103198514954591,554.537754099998
fedavg,123,4,val,0.4696497013994117,0.21662669864108713,0.06793682627224869,0.1034351145038168,0.5552318321178872,0.558917547777934,741.3032174999971
fedavg,123,5,val,0.5183171405651128,0.22070844686648503,0.02030584106292304,0.0371900826446281,0.5640390665410598,0.4781043758095028,950.3569367999953
fedavg,123,6,val,0.5412247080844995,0.20833333333333334,0.00062672348959639,0.0012496875781054734,0.571505372925861,0.38015208889620117,1159.5222128000023
fedavg,123,7,val,0.5417595151082985,0.5,0.000250689395838556,0.0005011275369581558,0.5801600948951401,0.29465694579543444,1370.5394222999967
fedavg,123,8,val,0.5418486496122649,0.0,0.0,0.0,0.5884785706865848,0.2477919505843505,1590.0360738000018
fedavg,123,9,val,0.5418486496122649,0.0,0.0,0.0,0.5974950114929839,0.22254971558715753,1813.0977522999965
fedavg,123,10,val,0.5418486496122649,0.0,0.0,0.0,0.6046144608325121,0.2110385789621194,2029.8692192000017
fedprox,123,1,val,0.01943132186469382,0.06901214274351769,0.32627224868388066,0.11392682072829133,0.5029301981070602,0.6693156170477383,206.42767379999714
fedprox,123,2,val,0.22720385061057136,0.11933736358640182,0.1905239408373026,0.1467535602220613,0.5279513276475852,0.6442591281686941,437.0468116999982
fedprox,123,3,val,0.3990551742579553,0.17634323951977957,0.1123088493356731,0.1372233708553488,0.5439814821551293,0.6111746082034741,682.8123696999974
fedprox,123,4,val,0.4690257598716463,0.21834574676597412,0.06981699674103785,0.10580302022984138,0.5549675119532239,0.5606936560997681,917.0875498999958
fedprox,123,5,val,0.5152865674302523,0.21348314606741572,0.02143394334419654,0.038956600979610435,0.563733089271511,0.48135823220458196,1140.5331261999963
fedprox,123,6,val,0.5410464390765666,0.18518518518518517,0.00062672348959639,0.0012492192379762648,0.5711544239410759,0.3842823756060952,1368.7479260999971
fedprox,123,7,val,0.5417595151082985,0.5,0.000250689395838556,0.0005011275369581558,0.579719260533608,0.29798744279535627,1598.9676500999994
fedprox,123,8,val,0.5418486496122649,0.0,0.0,0.0,0.5879772608798272,0.2498236184228985,1823.1126029000006
fedprox,123,9,val,0.5418486496122649,0.0,0.0,0.0,0.5970002075594233,0.22366790603227035,2044.3580561999988
fedprox,123,10,val,0.5418486496122649,0.0,0.0,0.0,0.6041112437562387,0.2116586978247017,2265.7543198999992
fedprox_dp,123,1,val,0.01853997682502897,0.06734981226533167,0.3237653547254951,0.11150442477876107,0.5051868240357084,0.6701823425692494,215.70638209999743
fedprox_dp,123,2,val,0.2255994295391746,0.11315246030050559,0.19917272499373276,0.14431678852004903,0.5211889643127102,0.6465362254784212,414.3159237
fedprox_dp,123,3,val,0.39379623852393264,0.173043974871502,0.11393833040862371,0.13740458015267176,0.5391440125616357,0.6151907566407857,646.2562028999964
fedprox_dp,123,4,val,0.4672430697923166,0.20361121782558586,0.06643268989721735,0.1001795671486627,0.5435590360981719,0.5639622803890022,1684.273425499996
fedprox_dp,123,5,val,0.5176040645333809,0.20433017591339647,0.01892704938581098,0.03464494665595962,0.5515960571440124,0.4898070873599159,1885.1558063999983
fedprox_dp,123,6,val,0.541135573580533,0.13333333333333333,0.000250689395838556,0.0005004378831477543,0.5544900847259628,0.3928823531768424,2085.699939899998
fedprox_dp,123,7,val,0.5417595151082985,0.3333333333333333,0.000125344697919278,0.00025059516351334414,0.5636377944139164,0.3035677660992783,2287.807854999999
fedprox_dp,123,8,val,0.5418486496122649,0.0,0.0,0.0,0.5720399744446392,0.2545138984740615,2491.1597209999964
fedprox_dp,123,9,val,0.5418486496122649,0.0,0.0,0.0,0.5767275613667581,0.22350586975882086,2697.389670299999
fedprox_dp,123,10,val,0.5418486496122649,0.0,0.0,0.0,0.5916794944206669,0.2152840300713092,2905.4058686999997
centralized,2026,1,val,0.3593011854889028,0.15293602103418055,0.13123589872148408,0.1412574203993524,0.5447791430967737,0.6131683636640353,192.53306300000258
centralized,2026,2,val,0.5410464390765666,0.14285714285714285,0.000501378791677112,0.0009992505620784412,0.5712795797071398,0.39055481704227724,387.2582828000013
centralized,2026,3,val,0.5418486496122649,0.0,0.0,0.0,0.5902400333236456,0.22350725253318568,579.076447200001
centralized,2026,4,val,0.5417595151082985,0.3333333333333333,0.000125344697919278,0.00025059516351334414,0.6070047913378921,0.203981617655715,766.248462399999
centralized,2026,5,val,0.5416703806043319,0.3333333333333333,0.000501378791677112,0.0010012515644555694,0.6136623911864113,0.19930983321962537,960.9602950000044
centralized,2026,6,val,0.541313842588466,0.3472222222222222,0.0031336174479819506,0.006211180124223603,0.6215004294866076,0.19842595865179463,1155.233572199999
centralized,2026,7,val,0.5404224975488011,0.3191489361702128,0.005640511406367511,0.011085109003571868,0.6309818187375748,0.19787074879312572,1350.2678663000042
centralized,2026,8,val,0.5389963454853374,0.3463035019455253,0.011155678114815742,0.021615057680631447,0.6307278433661182,0.19621034025646528,1540.512381200002
centralized,2026,9,val,0.5368571173901417,0.34,0.01704687891702181,0.03246598233468608,0.6344556683041314,0.1975345605568767,1728.7781950999997
centralized,2026,10,val,0.5356092343346109,0.34647302904564314,0.020932564552519427,0.03947990543735225,0.6380983317270893,0.19662733373768201,1919.4776966999998
fedavg,2026,1,val,0.02005526339245922,0.06521972708713872,0.30433692654800704,0.10741936911029508,0.5073075698604753,0.6702234414089426,186.59808420000627
fedavg,2026,2,val,0.21401194402353152,0.1022709717287193,0.16595638004512409,0.12655324029822215,0.528200621596251,0.6438414526130227,383.2421023000061
fedavg,2026,3,val,0.4115340048132632,0.1451409339503576,0.08648784156430182,0.10838831291234684,0.5406980679604608,0.6119055676422014,581.8399602000063
fedavg,2026,4,val,0.5095819591763971,0.18472330475448168,0.02970669340686889,0.05118237771298996,0.5529957402613996,0.56434141639635,770.8968567000047
fedavg,2026,5,val,0.5367679828861752,0.13253012048192772,0.0027575833542241163,0.005402750491159135,0.5622606041219258,0.4835831443992929,960.9795531000054
fedavg,2026,6,val,0.541492111596399,0.18181818181818182,0.000250689395838556,0.0005006884466140943,0.5683624699924936,0.3773603603577208,1152.32316
fedavg,2026,7,val,0.5417595151082985,0.0,0.0,0.0,0.5741393002243976,0.29217092930468364,1342.6700576000003
fedavg,2026,8,val,0.5417595151082985,0.0,0.0,0.0,0.5812302877986701,0.2449108271986015,1531.9737753000009
fedavg,2026,9,val,0.5417595151082985,0.0,0.0,0.0,0.5879067154805474,0.22198382729126687,1721.920045400002
fedavg,2026,10,val,0.5417595151082985,0.0,0.0,0.0,0.594176267816173,0.2116243875019265,1907.8911548000033
fedprox,2026,1,val,0.01907478384882788,0.06504649985343885,0.3059664076209576,0.10728491374574223,0.5070719820721387,0.6704119668732417,194.30349320000096
fedprox,2026,2,val,0.21026829485693913,0.1015672550213025,0.16733517172223614,0.12640848404507146,0.5279294418978256,0.6442553871816381,393.9498416999995
fedprox,2026,3,val,0.4077903556466708,0.14434675935391536,0.08849335673101028,0.10972103504545808,0.5404230647787747,0.6127298129774774,586.2042087000009
fedprox,2026,4,val,0.5070861930653356,0.17841409691629956,0.030458761594384556,0.05203426124197002,0.5526635107974667,0.5660503091462762,781.1503005999984
fedprox,2026,5,val,0.5364114448703093,0.12849162011173185,0.0028829280521433945,0.0056393281843815125,0.5619653618712009,0.4868711074311972,973.5487769000028
fedprox,2026,6,val,0.541492111596399,0.14285714285714285,0.000250689395838556,0.0005005005005005005,0.5680949352505236,0.3816227215035989,1171.4295159999965
fedprox,2026,7,val,0.5417595151082985,0.0,0.0,0.0,0.5738160225079533,0.29555672132476934,1366.5502436000024
fedprox,2026,8,val,0.5417595151082985,0.0,0.0,0.0,0.580865128016496,0.24688946424039335,1561.9043250999966
fedprox,2026,9,val,0.5417595151082985,0.0,0.0,0.0,0.5875217098062645,0.2230532814997043,1758.9042326999988
fedprox,2026,10,val,0.5417595151082985,0.0,0.0,0.0,0.5937756763819861,0.21221637704445936,1958.901955399997
fedprox_dp,2026,1,val,0.018807380336928425,0.06502143563812246,0.2965655552770118,0.10665825181445251,0.503250259942757,0.6704648806296714,202.6644568000047
fedprox_dp,2026,2,val,0.23522595596755505,0.10114575507137491,0.13499623965906243,0.11564479759476003,0.52394989768742,0.6424868922255258,399.3632704000047
fedprox_dp,2026,3,val,0.3866654782066138,0.14420410427066002,0.09776886437703686,0.11653096287443043,0.5398188906006208,0.6154421825961045,602.3055372000017
fedprox_dp,2026,4,val,0.5069079240574026,0.15797665369649805,0.025444973677613437,0.04383029256180503,0.5502391471236561,0.5629333360265927,803.1886458000008
fedprox_dp,2026,5,val,0.5362331758623763,0.16042780748663102,0.0037603409375783405,0.007348438456827923,0.5597306905937431,0.48344765053265915,998.8606158000039
fedprox_dp,2026,6,val,0.5408681700686335,0.0,0.0,0.0,0.567947631553268,0.3759523798585501,1845.1107862000063
fedprox_dp,2026,7,val,0.5416703806043319,0.0,0.0,0.0,0.5732873175016177,0.2874114248951081,2037.5646460999997
fedprox_dp,2026,8,val,0.5417595151082985,0.0,0.0,0.0,0.5760038608253737,0.24580275633615845,2231.4707706000045
fedprox_dp,2026,9,val,0.5417595151082985,0.0,0.0,0.0,0.5874884082933791,0.22023176016872587,2424.1609590000007
fedprox_dp,2026,10,val,0.5418486496122649,0.0,0.0,0.0,0.5950282716314276,0.21052967425665228,2617.2803661
